id,source,target,src_sentence,tar_sentence,true_y,src_ratings,tar_ratings
1479293,famous,wonderful,"Our neighborhood is a quiet oasis with plenty of trees and sunlight surrounded by 2 grocery stores, parks, shops, restaurants & bars, and blocks away from the Hollywood Walk of Fame and the famous Runyon Canyon hiking trails & minutes away from Beverly Hills.","Our neighborhood is a quiet oasis with plenty of trees and sunlight surrounded by 2 grocery stores, parks, shops, restaurants & bars, and blocks away from the Hollywood Walk of Fame and the wonderful Runyon Canyon hiking trails & minutes away from Beverly Hills.",0,"[3, 4, 4, 4, 4, 5, 5, 5, 5, 5]","[4, 5, 5, 5, 5, 5, 5, 5, 5, 5]"
187803,store,boutique,Great location and close to everything in Hollywood: Buses and Metro Ralphs food store Trader Joes food store Coffee Shops Runyon Canyon Hollywood Bowl Hollywood and Sunset Blvd Kodak Theater Hollywood walk of Fame,Great location and close to everything in Hollywood: Buses and Metro Ralphs food boutique Trader Joes food boutique Coffee Shops Runyon Canyon Hollywood Bowl Hollywood and Sunset Blvd Kodak Theater Hollywood walk of Fame,0,"[3, 4, 4, 4, 4, 4, 5, 5, 5]","[4, 4, 4, 5, 5, 5, 5, 5]"
872466,famous,grand,"Within walking distance you have Hollywood & Highland, Sunset Blvd, The Hollywood Walk of Fame, The W Hotel, The Capital Records Building, Dolby Theatre, TCL Chinese Theatre, Ralph's grocery store, Starbucks, local celebrity home tours and tons of Hollywoods most famous attractions.","Within walking distance you have Hollywood & Highland, Sunset Blvd, The Hollywood Walk of Fame, The W Hotel, The Capital Records Building, Dolby Theatre, TCL Chinese Theatre, Ralph's grocery store, Starbucks, local celebrity home tours and tons of Hollywoods most grand attractions.",0,"[4, 4, 4, 4, 4, 5, 5, 5, 5, 5]","[4, 4, 4, 4, 5, 5, 5, 5, 5]"
872371,famous,grand,Get inspired and make yourself famous in Hollywood!,Get inspired and make yourself grand in Hollywood!,0,"[1, 3, 3, 3, 3, 3, 4, 4, 4, 4, 4]","[3, 3, 4, 4, 4, 4, 4, 4, 5]"
716695,famous,excellent,Just a block walk to all of the gay bars and the world famous Sunset Strip.,Just a block walk to all of the gay bars and the world excellent Sunset Strip.,0,"[1, 2, 2, 3, 4, 4, 4, 4, 4, 5, 5]","[1, 1, 2, 4, 4, 4, 4, 5, 5]"
1032043,famous,big,"Home of the famous Sunset Strip music scene, Santa Monica Blvd., gay clubs, and Melrose shopping district, this multi-cultural neighborhood is an urban epicenter.","Home of the big Sunset Strip music scene, Santa Monica Blvd., gay clubs, and Melrose shopping district, this multi-cultural neighborhood is an urban epicenter.",0,"[3, 3, 4, 4, 4, 4, 5, 5, 5, 5]","[2, 3, 3, 4, 4, 4, 5, 5, 5]"
935646,famous,old,"Situated between the famous Sunset Strip and Santa Monica Blvd, walking distance to so many places including Skybar, The Comedy Store, Pink Taco, The Den, Barney's Beanery, Trader Joe's, Starbucks, CVS, Rainbow Room, Viper Room, The Whiskey, Koi, STK, Pump, the list goes on and on!","Situated between the old Sunset Strip and Santa Monica Blvd, walking distance to so many places including Skybar, The Comedy Store, Pink Taco, The Den, Barney's Beanery, Trader Joe's, Starbucks, CVS, Rainbow Room, Viper Room, The Whiskey, Koi, STK, Pump, the list goes on and on!",0,"[2, 4, 4, 4, 5, 5, 5, 5, 5]","[4, 4, 5, 5, 5, 5, 5, 5]"
75939,best,nicest,"It's right at the bottom of Runyon Canyon & it's few blocks from all the best Hollywood has to offer including Highland & Hollywood metro, Chinese & kodak Theater, Runyon Canyon, walk of fame etc.","It's right at the bottom of Runyon Canyon & it's few blocks from all the nicest Hollywood has to offer including Highland & Hollywood metro, Chinese & kodak Theater, Runyon Canyon, walk of fame etc.",0,"[1, 4, 4, 4, 4, 5, 5, 5, 5, 5]","[4, 4, 4, 4, 5, 5, 5, 5]"
1032430,famous,special,"The iconic Chateau Marmont is only a walk away, as are the many bars and restaurants of the famous Sunset Strip.","The iconic Chateau Marmont is only a walk away, as are the many bars and restaurants of the special Sunset Strip.",0,"[4, 4, 4, 4, 4, 4, 5, 5, 5]","[4, 4, 4, 4, 5, 5, 5]"
623100,square,plaza,"Walking Distance to South End, Copley square mall, Newbury Street, Boston Public Library, Boston Common, Boston Public Gardens, Downtown Crossing, Quincy Market, Downtown Boston, Numerous Universities & Colleges.","Walking Distance to South End, Copley plaza mall, Newbury Street, Boston Public Library, Boston Common, Boston Public Gardens, Downtown Crossing, Quincy Market, Downtown Boston, Numerous Universities & Colleges.",0,"[4, 4, 4, 4, 4, 4, 5, 5, 5]","[4, 4, 4, 4, 4, 5, 5, 5]"
113051,famous,renowned,"The famous Sunset Strip is close by, and the Hollywood Walk of Fame, Runyon Canyon hikes, restaurants, groceries and shopping are all within easy walking distance  (including Hollywood Blvd., Sunset Blvd., Santa Monica Blvd.","The renowned Sunset Strip is close by, and the Hollywood Walk of Fame, Runyon Canyon hikes, restaurants, groceries and shopping are all within easy walking distance  (including Hollywood Blvd., Sunset Blvd., Santa Monica Blvd.",0,"[3, 4, 4, 5, 5, 5, 5, 5, 5, 5]","[4, 4, 4, 4, 4, 5, 5, 5, 5]"
258402,rapidly,quickly,"Its gentrifying rapidly- so new things popping up all the time- and it is very convenient in terms of transport access whether by car, bike, on foot, or public transport.","Its gentrifying quickly- so new things popping up all the time- and it is very convenient in terms of transport access whether by car, bike, on foot, or public transport.",0,"[3, 3, 3, 4, 4, 4, 4, 4, 4, 5]","[2, 3, 4, 4, 4, 4, 5, 5, 5, 5]"
1375942,nice,gorgeous,We know all of our neighbors and they are very nice so please be courteous to them too as you walk down the street to the quarter.,We know all of our neighbors and they are very gorgeous so please be courteous to them too as you walk down the street to the quarter.,0,"[3, 3, 3, 4, 4, 4, 5, 5, 5]","[2, 2, 3, 3, 4, 4, 4, 5]"
323914,exciting,interesting,"The neighborhood is great because its safe, fun, exciting, and everything is at your door.","The neighborhood is great because its safe, fun, interesting, and everything is at your door.",0,"[2, 4, 4, 4, 4, 4, 5, 5, 5, 5]","[3, 4, 5, 5, 5, 5, 5, 5]"
323950,exciting,interesting,"I don't suggest long walks after dark, but I would definitely not let this neighborhood discourage your stay, it's vibrant, fun and exciting. ","I don't suggest long walks after dark, but I would definitely not let this neighborhood discourage your stay, it's vibrant, fun and interesting. ",0,"[1, 1, 2, 2, 2, 2, 2, 2, 3, 3, 4]","[1, 1, 2, 2, 2, 2, 2, 3, 4]"
1149708,apartment,condo,If you prefer to enjoy night life then you' ll like the location even more as every famous club and bar in Hollywood is located in walking distance from the apartment.,If you prefer to enjoy night life then you' ll like the location even more as every famous club and bar in Hollywood is located in walking distance from the condo.,0,"[4, 4, 4, 4, 4, 4, 5, 5, 5, 5]","[2, 4, 4, 4, 4, 5, 5, 5, 5]"
537527,predominantly,especially,"Despite the recent hipster invasion, Highland Park is still a predominantly Latino neighborhood.","Despite the recent hipster invasion, Highland Park is still a especially Latino neighborhood.",0,"[1, 1, 3, 3, 3, 3, 3, 3, 3, 4]","[1, 2, 3, 3, 3, 3, 3, 3, 4, 5]"
635932,exciting,spectacular,Hollywood  is a vibrant and exciting area of Los Angeles.,Hollywood  is a vibrant and spectacular area of Los Angeles.,0,"[2, 2, 3, 4, 4, 4, 4, 5, 5]","[3, 4, 4, 4, 5, 5, 5, 5]"
1337989,open,outstanding,"This tree-lined, brownstone neighborhood is known for its fine dining, art galleries, the open market, and smiling faces.","This tree-lined, brownstone neighborhood is known for its fine dining, art galleries, the outstanding market, and smiling faces.",0,"[3, 4, 4, 4, 5, 5, 5, 5, 5]","[4, 4, 4, 5, 5, 5, 5, 5, 5, 5]"
448352,huge,spectacular,"Street car connect to the Central Business District (CBD), and other street car lines such as Loyola St., St. Charles Ave., and Canal St. Shaded backyard with huge Pecan tree.","Street car connect to the Central Business District (CBD), and other street car lines such as Loyola St., St. Charles Ave., and Canal St. Shaded backyard with spectacular Pecan tree.",0,"[3, 4, 4, 4, 4, 4, 5, 5]","[3, 3, 4, 4, 4, 5, 5, 5, 5]"
448383,huge,spectacular,"Los Angeles is a huge sprawling city, but my neighborhood is centrally located so there are fantastic alternate routes to the freeway when it is crowded. ","Los Angeles is a spectacular sprawling city, but my neighborhood is centrally located so there are fantastic alternate routes to the freeway when it is crowded. ",0,"[3, 4, 4, 4, 4, 4, 5, 5, 5]","[3, 3, 4, 4, 4, 4, 5]"
787289,exciting,fabulous,"Gorgeous, safe and close to everything fun and exciting.","Gorgeous, safe and close to everything fun and fabulous.",0,"[3, 4, 4, 4, 5, 5, 5, 5, 5]","[4, 4, 5, 5, 5, 5, 5, 5, 5, 5]"
193589,amazing,incredible,"Everything is close by whether it's amazing restaurants ( Hungry Cat, Katsuya, Kabuki + more ), local attractions ( Walk of Fame, Hollywood Sign, Universal Studios, Pantages Theatre, Runyon Canyon...) the top nightclubs, handy grocery shopping ( Trader Joes, Walgreens literally downstairs...Farmers Market every Sunday ).","Everything is close by whether it's incredible restaurants ( Hungry Cat, Katsuya, Kabuki + more ), local attractions ( Walk of Fame, Hollywood Sign, Universal Studios, Pantages Theatre, Runyon Canyon...) the top nightclubs, handy grocery shopping ( Trader Joes, Walgreens literally downstairs...Farmers Market every Sunday )",0,"[3, 4, 4, 4, 4, 5, 5, 5, 5, 5]","[4, 4, 4, 5, 5, 5, 5, 5]"
295558,amazing,fabulous,"The neighborhood is amazing as righ next to the unit is the uber popular Mondrian Hotel next to the swank Hemmingbone restaurant, Katana Restaurant and Oliver's Steak House as well as the Tower Bar.","The neighborhood is fabulous as righ next to the unit is the uber popular Mondrian Hotel next to the swank Hemmingbone restaurant, Katana Restaurant and Oliver's Steak House as well as the Tower Bar.",0,"[2, 4, 4, 4, 5, 5, 5, 5, 5, 5, 5]","[4, 4, 5, 5, 5, 5, 5, 5, 5]"
1167574,amazing,outstanding,"Walking distance to all tourist attractions, amazing restaurants, hiking, dining, movies, studios, supermarkets and hollywood walk of fame.","Walking distance to all tourist attractions, outstanding restaurants, hiking, dining, movies, studios, supermarkets and hollywood walk of fame.",0,"[4, 4, 5, 5, 5, 5, 5, 5, 5]","[4, 4, 4, 4, 5, 5, 5, 5, 5, 5]"
1444493,amazing,spectacular,"From amazing restaurants to the Walk of Fame, Dolby Theater, Chinese Theater, Hollywood and Highland Shopping mall, cafes, Runyon Canyon, Hollywood Sign, Griffith Park and more!","From spectacular restaurants to the Walk of Fame, Dolby Theater, Chinese Theater, Hollywood and Highland Shopping mall, cafes, Runyon Canyon, Hollywood Sign, Griffith Park and more!",0,"[2, 4, 4, 5, 5, 5, 5, 5, 5, 5, 5]","[4, 4, 4, 5, 5, 5, 5, 5, 5]"
430491,amazing,wonderful,"Walking distance to all tourist attractions, amazing restaurants, hiking, dining, movies, studios, supermarkets and hollywood walk of fame.","Walking distance to all tourist attractions, wonderful restaurants, hiking, dining, movies, studios, supermarkets and hollywood walk of fame.",0,"[4, 4, 5, 5, 5, 5, 5, 5]","[4, 5, 5, 5, 5, 5, 5, 5, 5]"
118358,amazing,fantastic,"Little Tokyo also has amazing food, we recommend Marugame Monzo's beef Udon, Daikokuya's shredded pork bowl, Shabu shabu house...","Little Tokyo also has fantastic food, we recommend Marugame Monzo's beef Udon, Daikokuya's shredded pork bowl, Shabu shabu house...",0,"[3, 4, 4, 4, 4, 5, 5, 5]","[4, 4, 4, 5, 5, 5, 5, 5, 5]"
711416,events,festivals,"The scene is densely packed into 1.9 walkable square miles, including a vast culinary landscape, The Sunset Strip’s notorious nightlife, designer flagships lining The West Hollywood Design District, celebrity hot spots, global annual events, premier spas and fitness, entertainment and much more.","The scene is densely packed into 1.9 walkable square miles, including a vast culinary landscape, The Sunset Strip’s notorious nightlife, designer flagships lining The West Hollywood Design District, celebrity hot spots, global annual festivals, premier spas and fitness, entertainment and much more.",0,"[4, 4, 4, 5, 5, 5, 5, 5, 5]","[2, 2, 4, 4, 5, 5, 5]"
180477,cheap,inexpensive,"We're a mile or so to great bars (Bacchanal, Vaughan's, BJ's), coffee shops (Solo, Satsuma), and cheap eats (Sneaky Pickle, Pizza Delicious, The Joint); as well as the art and music venues of St. Claude Avenue.","We're a mile or so to great bars (Bacchanal, Vaughan's, BJ's), coffee shops (Solo, Satsuma), and inexpensive eats (Sneaky Pickle, Pizza Delicious, The Joint); as well as the art and music venues of St. Claude Avenue.",0,"[4, 4, 4, 4, 4, 5, 5, 5, 5, 5]","[4, 4, 4, 4, 4, 5, 5, 5, 5, 5]"
180520,cheap,inexpensive,"If you want great (and cheap) tacos, just walk about three minutes towards Oxnard St. to San Marcos.","If you want great (and inexpensive) tacos, just walk about three minutes towards Oxnard St. to San Marcos.",0,"[2, 2, 3, 4, 4, 4, 4, 4, 5, 5]","[3, 4, 4, 4, 4, 5, 5, 5]"
1504650,hot,excellent,"From a stellar location that connects you with the top Hollywood hot spots to onsite retail that brings style and convenience home, a new experience can be found around every corner.","From a stellar location that connects you with the top Hollywood excellent spots to onsite retail that brings style and convenience home, a new experience can be found around every corner.",0,"[2, 3, 4, 4, 4, 5, 5, 5, 5]","[4, 4, 4, 4, 5, 5, 5, 5, 5, 5]"
1504557,hot,excellent,Condo row is a great area and strip Friendly Safe and easy access to so many places freeways and hot spots in the Valley and Los Angeles.,Condo row is a great area and strip Friendly Safe and easy access to so many places freeways and excellent spots in the Valley and Los Angeles.,0,"[2, 3, 3, 3, 3, 4, 4, 4, 5, 5]","[4, 4, 4, 4, 4, 5, 5, 5]"
183467,comfortable,cozy,"The apartment has a nice, peaceful, relaxing vibe, its very simple only comfortable furniture.. (You are most welcome here:) Lastly, 1 to 4 ","The apartment has a nice, peaceful, relaxing vibe, its very simple only cozy furniture.. (You are most welcome here:) Lastly, 1 to 4 ",0,"[2, 3, 3, 4, 4, 4, 5, 5, 5]","[2, 3, 3, 4, 4, 5, 5]"
485243,yummy,good,"It's walking distance to jazz fest, the quarter and quite a few yummy restaurants, cafe's and bars including the Mother in Law Lounge, Candelight Lounge, P(website hidden) Cafe, Lola's, City Park and more.","It's walking distance to jazz fest, the quarter and quite a few good restaurants, cafe's and bars including the Mother in Law Lounge, Candelight Lounge, P(website hidden) Cafe, Lola's, City Park and more.",0,"[4, 4, 4, 5, 5, 5, 5, 5, 5]","[4, 4, 4, 5, 5, 5, 5, 5, 5, 5]"
485248,yummy,good,"Some of my favorites are Heavy Feather(great drinks and decor), Best Intentions(nice local bar), Scofflaw (recently named the Best Bar in Chicago).Right down the street(at Central Park and Belden) Wyler Road(great drinks, yummy food, nice bartenders).","Some of my favorites are Heavy Feather(great drinks and decor), Best Intentions(nice local bar), Scofflaw (recently named the Best Bar in Chicago).Right down the street(at Central Park and Belden) Wyler Road(great drinks, good food, nice bartenders).",0,"[3, 3, 3, 3, 4, 4, 4, 5, 5]","[2, 4, 4, 4, 5, 5, 5, 5]"
1435094,trips,tours,"Our house has easy freeway access (to the 5, 10, and 110 fwys, which are each just a 5-minute drive away) for trips to the beach, amusement parks, etc.","Our house has easy freeway access (to the 5, 10, and 110 fwys, which are each just a 5-minute drive away) for tours to the beach, amusement parks, etc.",0,"[3, 4, 4, 4, 4, 4, 5, 5, 5]","[3, 4, 4, 4, 4, 5, 5, 5]"
115420,various,several,"Whole Foods, Trader Joe's, Pavilions & Gelson's markets are all close by as well as various farmers' markets all within a few minutes drive or some within a short stroll.","Whole Foods, Trader Joe's, Pavilions & Gelson's markets are all close by as well as several farmers' markets all within a few minutes drive or some within a short stroll.",0,"[3, 4, 4, 4, 4, 4, 5, 5, 5]","[4, 4, 5, 5, 5, 5, 5, 5, 5, 5]"
152181,predominantly,mostly,"The neighborhood has grown into a predominantly single family residential area adjacent to an urban corridor, El Cajon Boulevard, with scattered amenities in walking distance including a variety of small restaurants/eateries, juice bar, coffee shops, wine bars, beer bars, laundromat, and dry cleaner/seamstress, Thai massage, Moxie Theater.","The neighborhood has grown into a mostly single family residential area adjacent to an urban corridor, El Cajon Boulevard, with scattered amenities in walking distance including a variety of small restaurants/eateries, juice bar, coffee shops, wine bars, beer bars, laundromat, and dry cleaner/seamstress, Thai massage, Moxie Theater.",0,"[2, 3, 3, 3, 3, 4, 4, 4, 4, 4]","[4, 4, 5, 5, 5, 5, 5, 5]"
537531,predominantly,especially,"Despite the recent white hipster invasion, Highland Park is still a predominantly Latino neighborhood -- and happily, it's also home to the best Mexican food in the city.","Despite the recent white hipster invasion, Highland Park is still a especially Latino neighborhood -- and happily, it's also home to the best Mexican food in the city.",0,"[2, 3, 4, 4, 4, 4, 4, 4]","[1, 2, 3, 3, 3, 4, 4, 4, 4]"
272118,yummy,delicious,"It's walking distance to jazz fest, the quarter and quite a few yummy restaurants, cafe's and bars including the Mother in Law Lounge, Candelight Lounge, P(SENSITIVE CONTENTS HIDDEN) Cafe, Lola's, l'il Dizzy's, City Park and more.","It's walking distance to jazz fest, the quarter and quite a few delicious restaurants, cafe's and bars including the Mother in Law Lounge, Candelight Lounge, P(SENSITIVE CONTENTS HIDDEN) Cafe, Lola's, l'il Dizzy's, City Park and more.",0,"[4, 4, 4, 5, 5, 5, 5, 5]","[4, 4, 4, 4, 4, 5, 5, 5, 5]"
426941,apartments,homes,"Walk to work, shopping, dining, nightlife...step outside your door and it's all waiting for you right outside the doorstep of our apartments in Hollywood, CA.","Walk to work, shopping, dining, nightlife...step outside your door and it's all waiting for you right outside the doorstep of our homes in Hollywood, CA.",0,"[4, 4, 5, 5, 5, 5, 5, 5, 5]","[4, 4, 4, 4, 5, 5, 5, 5, 5, 5]"
392693,dynamic,vibrant,"If you haven’t been introduced to the neighborhood, this is a great way to discover Highland Park's as well as the rest of North East LA's unique dynamic and eclectic mix of restaurants, art galleries, vintage shops, record stores, home boutiques, bars, and plenty local curiosities.","If you haven’t been introduced to the neighborhood, this is a great way to discover Highland Park's as well as the rest of North East LA's unique vibrant and eclectic mix of restaurants, art galleries, vintage shops, record stores, home boutiques, bars, and plenty local curiosities.",0,"[4, 4, 4, 5, 5, 5, 5, 5, 5, 5]","[4, 4, 4, 5, 5, 5, 5, 5, 5]"
180484,cheap,inexpensive,"• Located at the edge of West Hollywood and Beverly Hills • SUPER safe, cozy, and quiet yet still hip, fun, and LA • Walking distance to several malls, boutiques, and shops • Close to an unlimited amount of restaurants (cheap & pricey) ","• Located at the edge of West Hollywood and Beverly Hills • SUPER safe, cozy, and quiet yet still hip, fun, and LA • Walking distance to several malls, boutiques, and shops • Close to an unlimited amount of restaurants (inexpensive & pricey) ",0,"[4, 4, 4, 4, 4, 5, 5, 5, 5, 5]","[5, 5, 5, 5, 5, 5, 5, 5]"
1177614,notable,unique,"Perched on bluffs above the Los Angeles River, it was originally home to some of the city's most notable residents, who built a large number of Victorian homes still present in the district.","Perched on bluffs above the Los Angeles River, it was originally home to some of the city's most unique residents, who built a large number of Victorian homes still present in the district.",0,"[4, 4, 4, 4, 4, 4, 5, 5, 5]","[3, 4, 4, 4, 4, 5, 5, 5]"
1177613,notable,unique,"The neighborhood features notable historical landmarks that include the 1836 Clarke House, one of Chicago’s oldest residences; a diverse dining scene; blues clubs and other nightlife options; and the convenience of the Museum Campus and Loop and McCormick Place a short stroll away.","The neighborhood features unique historical landmarks that include the 1836 Clarke House, one of Chicago’s oldest residences; a diverse dining scene; blues clubs and other nightlife options; and the convenience of the Museum Campus and Loop and McCormick Place a short stroll away.",0,"[1, 4, 4, 4, 4, 4, 5, 5, 5]","[4, 4, 5, 5, 5, 5, 5, 5]"
1477321,famous,wonderful,"The Mansion is situated mere steps from the hub of the New Orleans music scene, including the famous Spotted Cat, Cafe Negril, Shug Harbor coffeehouse and many New Orleans restaurants.","The Mansion is situated mere steps from the hub of the New Orleans music scene, including the wonderful Spotted Cat, Cafe Negril, Shug Harbor coffeehouse and many New Orleans restaurants.",1,"[4, 4, 5, 5, 5, 5, 5, 5, 5]","[4, 4, 4, 5, 5, 5, 5]"
1478025,famous,wonderful,The Colony is across the street is home to  many of the most famous celebrities.,The Colony is across the street is home to  many of the most wonderful celebrities.,1,"[3, 3, 4, 4, 4, 4, 4, 5, 5]","[2, 3, 3, 4, 4, 4, 4, 4, 5, 5]"
186073,store,boutique,"So much is within a 5-minute walk: plenty of restaurants & bars, coffee shops, gyms, and a drug store a block away that's open until midnight if you need anything.","So much is within a 5-minute walk: plenty of restaurants & bars, coffee shops, gyms, and a drug boutique a block away that's open until midnight if you need anything.",1,"[4, 4, 4, 5, 5, 5, 5, 5, 5]","[4, 4, 4, 5, 5, 5, 5, 5, 5]"
185686,store,boutique,Walk to Gelson's grocery store.,Walk to Gelson's grocery boutique.,1,"[2, 2, 3, 3, 3, 3, 4, 4]","[3, 3, 3, 3, 3, 3, 3, 4, 5]"
871538,famous,grand,"It's also a music mecca with the famous Green Mill jazz tavern where Al Capone used to hang out only 5 blocks from me, plus other grand theaters and music halls which play host to larger touring acts.","It's also a music mecca with the grand Green Mill jazz tavern where Al Capone used to hang out only 5 blocks from me, plus other grand theaters and music halls which play host to larger touring acts.",1,"[1, 2, 3, 4, 4, 5, 5, 5, 5, 5]","[3, 4, 4, 4, 4, 4, 4, 5, 5]"
715576,famous,excellent,"-Restaurants: Gjelina, Gjusta bakery, Cafe Gratitude, Tasting Kitchen, Saltair, Hal's, Lilly's, Primitivo, Other Room, Abbot's Pizza, Chaya Venice, James Beach (famous fish tacos!","-Restaurants: Gjelina, Gjusta bakery, Cafe Gratitude, Tasting Kitchen, Saltair, Hal's, Lilly's, Primitivo, Other Room, Abbot's Pizza, Chaya Venice, James Beach (excellent fish tacos!",1,"[3, 4, 4, 4, 4, 4, 5, 5]","[3, 4, 4, 4, 4, 4, 5, 5, 5]"
714331,famous,excellent,About a 10 minute walk to the famous Venice sign.,About a 10 minute walk to the excellent Venice sign.,1,"[2, 3, 3, 3, 4, 4, 4, 4, 4, 5]","[3, 3, 3, 3, 4, 4, 4, 4, 4, 5]"
1030318,famous,big,We are right on the border of the famous Fillmore district with Pacific Heights.,We are right on the border of the big Fillmore district with Pacific Heights.,1,"[3, 3, 3, 4, 4, 4, 4, 4, 4]","[3, 3, 3, 3, 3, 3, 3, 4, 5]"
1029284,famous,big,"The famous original Venice Coffee house, Groundworks is around the corner and Whole Fo","The big original Venice Coffee house, Groundworks is around the corner and Whole Fo",1,"[3, 3, 4, 4, 4, 4, 4, 4, 4, 5]","[3, 4, 4, 4, 4, 4, 4, 5, 5]"
934237,famous,old,"a historic landmark Victorian homes , within 1 block from famous painted ladies.","a historic landmark Victorian homes , within 1 block from old painted ladies.",1,"[3, 3, 4, 4, 4, 4, 4, 5]","[3, 3, 3, 4, 4, 4, 5, 5, 5]"
934455,famous,old,"Best location in Los Angeles area, because close to LAX, public transportations, world- famous beach, restaurants and shops.","Best location in Los Angeles area, because close to LAX, public transportations, world- old beach, restaurants and shops.",1,"[1, 4, 4, 5, 5, 5, 5, 5, 5]","[4, 4, 4, 4, 5, 5, 5, 5, 5, 5]"
72955,best,nicest,"Potrero Hill has the best weather, best views and best street parking in all of San Francisco, but is also very convenient (4 min drive) to 101 and 280 highway entrances.","Potrero Hill has the nicest weather, nicest views and nicest street parking in all of San Francisco, but is also very convenient (4 min drive) to 101 and 280 highway entrances.",1,"[4, 4, 4, 4, 5, 5, 5, 5, 5]","[2, 4, 4, 4, 4, 5, 5]"
74917,best,nicest,"Besides Hawaii this might be one of the best, most relaxing places on earth.","Besides Hawaii this might be one of the nicest, most relaxing places on earth.",1,"[1, 4, 4, 5, 5, 5, 5, 5, 5]","[4, 4, 5, 5, 5, 5, 5, 5, 5, 5]"
1333826,famous,special,"Located just 15 minutes north of DTLA, Pasadena is home of the Rose Bowl, famous for its football games and flea markets.","Located just 15 minutes north of DTLA, Pasadena is home of the Rose Bowl, special for its football games and flea markets.",1,"[2, 3, 4, 4, 4, 4, 4, 4, 4, 4]","[3, 4, 4, 4, 4, 4, 4, 5, 5, 5]"
1333184,famous,special,"The cottage is walkably close to the beach the famous OB Pier -- or a few short miles to Pacific Beach (PB), Mission Beach (MB), Mission Bay, Sea World, Old Town, Downtown, Zoo, and Balboa Park. ","The cottage is walkably close to the beach the special OB Pier -- or a few short miles to Pacific Beach (PB), Mission Beach (MB), Mission Bay, Sea World, Old Town, Downtown, Zoo, and Balboa Park. ",1,"[4, 4, 4, 5, 5, 5, 5, 5, 5]","[4, 4, 4, 4, 5, 5, 5, 5]"
621798,square,plaza,Noble square is located on the West Side of Chicago.,Noble plaza is located on the West Side of Chicago.,1,"[2, 2, 3, 3, 3, 3, 3, 3, 3, 3, 3]","[3, 3, 3, 3, 3, 3, 3, 4, 5]"
622076,square,plaza,square for fun and lots of activities.,plaza for fun and lots of activities.,1,"[1, 2, 3, 4, 4, 4, 4, 4, 5, 5]","[3, 4, 4, 4, 4, 4, 4, 4, 5]"
110482,famous,renowned,The world-famous San Diego Zoo is only an 18-minute drive away.,The world-renowned San Diego Zoo is only an 18-minute drive away.,1,"[3, 3, 3, 4, 4, 4, 4, 5, 5]","[3, 3, 3, 4, 4, 4, 4, 4, 5, 5]"
112269,famous,renowned,"From your doorstep, you can walk, swim, bike, grab a surf lesson, cycle or roller-blade on the famous Santa Monica bike path.","From your doorstep, you can walk, swim, bike, grab a surf lesson, cycle or roller-blade on the renowned Santa Monica bike path.",1,"[4, 4, 5, 5, 5, 5, 5, 5, 5]","[4, 4, 4, 5, 5, 5, 5, 5, 5, 5]"
258372,rapidly,quickly,It is indeed a last of a dying breed in a rapidly changing city.,It is indeed a last of a dying breed in a quickly changing city.,1,"[1, 1, 2, 3, 3, 3, 3, 3, 3, 4, 4]","[3, 3, 3, 3, 4, 4, 4, 5, 5]"
258363,rapidly,quickly,"Avondale is quickly following Logan Square's popularity with new restaurants, bars, and other attractions opening up rapidly.","Avondale is quickly following Logan Square's popularity with new restaurants, bars, and other attractions opening up quickly.",1,"[4, 4, 4, 4, 5, 5, 5, 5, 5]","[4, 4, 4, 4, 4, 4, 5, 5, 5, 5]"
1375385,nice,gorgeous,"It's a nice opportunity for guests to experience the ""real life"" of Los Angeles.","It's a gorgeous opportunity for guests to experience the ""real life"" of Los Angeles.",1,"[2, 3, 3, 4, 4, 4, 4, 4, 5]","[2, 3, 4, 4, 4, 5, 5]"
1374991,nice,gorgeous,"Green space is wonderful- Arb, park near house, Franklin Park, Jamaica Pond, and Forest Hills Cemetery can make very nice running route.","Green space is wonderful- Arb, park near house, Franklin Park, Jamaica Pond, and Forest Hills Cemetery can make very gorgeous running route.",1,"[3, 4, 4, 4, 4, 5, 5, 5, 5]","[4, 4, 4, 4, 5, 5, 5, 5, 5, 5]"
323770,exciting,interesting,"Bucktown/Wicker Park just got ranked as Chicago's trendiest and highest rental demand neighborhood... and is known for its unique collection of stores and restaurants, as well as its exciting nightlife!","Bucktown/Wicker Park just got ranked as Chicago's trendiest and highest rental demand neighborhood... and is known for its unique collection of stores and restaurants, as well as its interesting nightlife!",1,"[5, 5, 5, 5, 5, 5, 5, 5]","[1, 4, 4, 4, 5, 5, 5, 5, 5]"
1147392,apartment,condo,"Our apartment is located in the Marigny, one of the most historic and well-preserved neighborhoods in New Orleans, conveniently located between the French Quarter and the bohemian Bywater neighborhoods and Frenchmen Street - the best place to catch local music.","Our condo is located in the Marigny, one of the most historic and well-preserved neighborhoods in New Orleans, conveniently located between the French Quarter and the bohemian Bywater neighborhoods and Frenchmen Street - the best place to catch local music.",1,"[4, 4, 5, 5, 5, 5, 5, 5, 5]","[4, 4, 5, 5, 5, 5, 5, 5]"
1148445,apartment,condo,"Echo Park made the top 10 list of best places live in the US THE ECHO PARK LAKE - Recently renovated and reopened July 2013, Echo Park's park features Boat house, boat house Cafe, Peddle boats, canoes, gondolas, fountain, ducks, geese, walking  distance from the apartment.","Echo Park made the top 10 list of best places live in the US THE ECHO PARK LAKE - Recently renovated and reopened July 2013, Echo Park's park features Boat house, boat house Cafe, Peddle boats, canoes, gondolas, fountain, ducks, geese, walking  distance from the condo.",1,"[4, 4, 4, 5, 5, 5, 5, 5, 5]","[1, 4, 5, 5, 5, 5, 5]"
537498,predominantly,especially,"We are located in Gentilly Terrance, predominantly a middle-class and racially diverse section of New Orleans.","We are located in Gentilly Terrance, especially a middle-class and racially diverse section of New Orleans.",1,"[3, 3, 3, 3, 4, 4, 4, 4, 4, 5]","[2, 3, 4, 4, 4, 4, 5, 5, 5]"
537485,predominantly,especially,"Gentilly is a broad, predominantly middle-class and racially diverse section of New Orleans, Louisiana.","Gentilly is a broad, especially middle-class and racially diverse section of New Orleans, Louisiana.",1,"[3, 3, 3, 3, 3, 4, 4, 4, 5]","[2, 3, 3, 3, 4, 4, 4, 4, 4, 5]"
635800,exciting,spectacular,"Just a few blocks away from Mission Bay or the beautiful Pacific Ocean, and within walking or biking distance to some of the fun and exciting restaurants, bars, cafes, rental shops, and shopping Pacific Beach has to offer.  ","Just a few blocks away from Mission Bay or the beautiful Pacific Ocean, and within walking or biking distance to some of the fun and spectacular restaurants, bars, cafes, rental shops, and shopping Pacific Beach has to offer.  ",1,"[4, 4, 4, 4, 5, 5, 5, 5, 5, 5]","[4, 4, 4, 5, 5, 5, 5, 5, 5, 5]"
635709,exciting,spectacular,You'll be staying in one of LA's most exciting areas.,You'll be staying in one of LA's most spectacular areas.,1,"[4, 4, 4, 4, 5, 5, 5, 5, 5]","[3, 4, 4, 5, 5, 5, 5, 5, 5]"
1197371,exciting,stunning,"This neighborhood is great because it's safe, fun, exciting, and everything is at your door!","This neighborhood is great because it's safe, fun, stunning, and everything is at your door!",1,"[3, 4, 4, 4, 4, 5, 5, 5, 5, 5]","[4, 4, 4, 4, 5, 5, 5, 5, 5]"
1197302,exciting,stunning,"We're located in the heart of Ukranian Village, one of Chicago’s most lovely, fun and exciting neighborhoods.","We're located in the heart of Ukranian Village, one of Chicago’s most lovely, fun and stunning neighborhoods.",1,"[4, 4, 4, 4, 4, 4, 5, 5, 5]","[4, 4, 4, 4, 4, 4, 5, 5, 5, 5]"
1197274,exciting,stunning,"The Castro is lively and exciting 24 hours a day with bustling bars, cafes and shopping.","The Castro is lively and stunning 24 hours a day with bustling bars, cafes and shopping.",1,"[1, 2, 4, 4, 4, 4, 4, 5, 5, 5]","[4, 4, 4, 5, 5, 5, 5, 5]"
1337760,open,outstanding,"We are only three blocks from the northern end of the lakefront park district with open access beaches, running and biking paths, green spaces, beach volley ball, waterfront restaurants and much more.","We are only three blocks from the northern end of the lakefront park district with outstanding access beaches, running and biking paths, green spaces, beach volley ball, waterfront restaurants and much more.",1,"[3, 4, 4, 4, 4, 5, 5, 5, 5]","[5, 5, 5, 5, 5, 5, 5, 5]"
1337462,open,outstanding,"The locals are warm and friendly, and open to conversation.","The locals are warm and friendly, and outstanding to conversation.",1,"[2, 2, 4, 4, 4, 4, 4, 5, 5, 5]","[4, 4, 4, 4, 4, 4, 5, 5, 5]"
448278,huge,spectacular,"-The restored roller coaster 'The Coaster', and 'The Plunge', a huge indoor swimming pool, are also located at Belmont Park (12 minute walk from the apartment).","-The restored roller coaster 'The Coaster', and 'The Plunge', a spectacular indoor swimming pool, are also located at Belmont Park (12 minute walk from the apartment).",1,"[3, 3, 3, 3, 3, 3, 4, 4, 5]","[3, 3, 4, 4, 4, 4, 5, 5]"
787159,exciting,fabulous,One of the best and most exciting parts of being in a big city like LA is that there is always so much to do!,One of the best and most fabulous parts of being in a big city like LA is that there is always so much to do!,1,"[2, 2, 3, 4, 4, 4, 4, 4, 5, 5]","[3, 4, 4, 5, 5, 5, 5, 5]"
787065,exciting,fabulous,"Ballard is also just around the corner and another exciting neighborhood to explore full of more great shops, restaurants and breweries!","Ballard is also just around the corner and another fabulous neighborhood to explore full of more great shops, restaurants and breweries!",1,"[3, 4, 4, 4, 4, 4, 5, 5, 5, 5]","[4, 4, 4, 4, 4, 4, 5, 5, 5, 5]"
191481,amazing,incredible,"this is one of the most central locations in all of venice, walk to windward where the infamous VENICE lights hang above and hit the beach, walk to abbot kinney, stroll the historic canals, or simply cruise the streets filled with amazing architecture.","this is one of the most central locations in all of venice, walk to windward where the infamous VENICE lights hang above and hit the beach, walk to abbot kinney, stroll the historic canals, or simply cruise the streets filled with incredible architecture.",1,"[4, 5, 5, 5, 5, 5, 5, 5]","[4, 5, 5, 5, 5, 5, 5, 5, 5]"
191487,amazing,incredible,The food is amazing as well as the quaint atmosphere.,The food is incredible as well as the quaint atmosphere.,1,"[3, 3, 3, 4, 4, 4, 5, 5, 5]","[3, 4, 4, 4, 4, 4, 5, 5]"
294199,amazing,fabulous,"Venice is amazing mix of rough and sofisticated, arty and tech, bycicles and teslas  So much to do: watch the sunset, do yoga on the beach, get healthy, start a culinary exploration or shop at Abbot Kinney","Venice is fabulous mix of rough and sofisticated, arty and tech, bycicles and teslas  So much to do: watch the sunset, do yoga on the beach, get healthy, start a culinary exploration or shop at Abbot Kinney",1,"[3, 4, 4, 5, 5, 5, 5, 5, 5, 5]","[2, 4, 4, 4, 4, 5, 5, 5, 5]"
294523,amazing,fabulous,India Street has amazing restaurants!!!,India Street has fabulous restaurants!!!,1,"[2, 3, 3, 4, 4, 4, 4, 5, 5, 5]","[3, 4, 4, 4, 4, 4, 4, 4, 5]"
1166264,amazing,outstanding,"I can go for a workout or grab a drink with a friend or take advantage of the amazing restaurants on Abbot Kinney (Gelina, The Tasting Kitchen, SaltAir...).","I can go for a workout or grab a drink with a friend or take advantage of the outstanding restaurants on Abbot Kinney (Gelina, The Tasting Kitchen, SaltAir...).",1,"[2, 3, 4, 4, 4, 4, 5, 5, 5]","[4, 4, 4, 4, 4, 5, 5, 5]"
1166934,amazing,outstanding,"There are some amazing restaurants, bars, clubs, music venues and of course the world famous Venice boardwalk and Venice Canals all within walking distance to the house.","There are some outstanding restaurants, bars, clubs, music venues and of course the world famous Venice boardwalk and Venice Canals all within walking distance to the house.",1,"[4, 4, 5, 5, 5, 5, 5, 5, 5]","[4, 4, 4, 5, 5, 5, 5, 5, 5, 5]"
1442481,amazing,spectacular,"* Jump on the beach cruisers and ride to the famous Venice Canals, Rose street, Main street, Abbot Kinney and Lincoln blvd - all offer amazing restaurants, coffee shops, eateries and juice bars, and of course eclectic one of kind boutiques and shopping.","* Jump on the beach cruisers and ride to the famous Venice Canals, Rose street, Main street, Abbot Kinney and Lincoln blvd - all offer spectacular restaurants, coffee shops, eateries and juice bars, and of course eclectic one of kind boutiques and shopping.",1,"[3, 4, 5, 5, 5, 5, 5, 5, 5]","[4, 4, 4, 5, 5, 5, 5, 5, 5]"
1443135,amazing,spectacular,"This neighborhood is absolutely amazing, especially in the summer!","This neighborhood is absolutely spectacular, especially in the summer!",1,"[4, 4, 4, 5, 5, 5, 5, 5, 5]","[2, 4, 4, 4, 5, 5, 5]"
429362,amazing,wonderful,"Walk Venice's famous, colorful, character-filled boardwalk, stroll the canals, eat at amazing and diverse restaurants, enjoy sunset on the marina, take a 20-mile bike ride on a dedicated beach-side path.","Walk Venice's famous, colorful, character-filled boardwalk, stroll the canals, eat at wonderful and diverse restaurants, enjoy sunset on the marina, take a 20-mile bike ride on a dedicated beach-side path.",1,"[3, 4, 4, 4, 4, 4, 5, 5, 5, 5]","[4, 4, 4, 4, 5, 5, 5, 5, 5]"
430369,amazing,wonderful,"Soledad and offer amazing snorkeling, kayaking, swimming and surfing at world class beaches.","Soledad and offer wonderful snorkeling, kayaking, swimming and surfing at world class beaches.",1,"[3, 4, 4, 4, 5, 5, 5, 5, 5]","[4, 4, 5, 5, 5, 5, 5, 5, 5]"
117455,amazing,fantastic,"The short and wonderful walk to Abbot Kinney will expose you to the amazing blend of vintage cottages, craftsman homes and modern Venice architecture, which will only continue as you go slightly further to hit the beach and the Venice Boardwalk.","The short and wonderful walk to Abbot Kinney will expose you to the fantastic blend of vintage cottages, craftsman homes and modern Venice architecture, which will only continue as you go slightly further to hit the beach and the Venice Boardwalk.",1,"[4, 4, 4, 4, 4, 5, 5, 5, 5]","[4, 4, 4, 4, 4, 4, 5, 5, 5, 5]"
117204,amazing,fantastic,"You are just steps away from amazing bars, restaurants and cafes at every turn (ie, no car needed if you love to walk like I do!)","You are just steps away from fantastic bars, restaurants and cafes at every turn (ie, no car needed if you love to walk like I do!)",1,"[4, 4, 5, 5, 5, 5, 5, 5, 5]","[4, 4, 4, 4, 4, 5, 5, 5, 5]"
711022,events,festivals,"Some restaurants, bars, cafes that we can suggest to your guests:  MAMA HONGS VIETNAMESE KITCHEN SAGE VEGAN RESTAURANT (CULVER CITY) Some activities, events that we can suggest to your guests:  Visit universal studios  Visit the beaches Shopping areas","Some restaurants, bars, cafes that we can suggest to your guests:  MAMA HONGS VIETNAMESE KITCHEN SAGE VEGAN RESTAURANT (CULVER CITY) Some activities, festivals that we can suggest to your guests:  Visit universal studios  Visit the beaches Shopping areas",1,"[3, 3, 3, 4, 4, 4, 4, 5, 5, 5]","[1, 4, 4, 4, 4, 4, 5, 5, 5]"
711114,events,festivals,"We are about a mile away from the Playhouse District, one of LA's cultural epicenters with museums, theaters, movie theaters, SoCal's largest independent bookstore, shopping, farmer's markets, and many fun free outdoor events.","We are about a mile away from the Playhouse District, one of LA's cultural epicenters with museums, theaters, movie theaters, SoCal's largest independent bookstore, shopping, farmer's markets, and many fun free outdoor festivals.",1,"[4, 4, 4, 4, 4, 5, 5, 5, 5]","[3, 4, 4, 4, 5, 5, 5, 5, 5, 5]"
180410,cheap,inexpensive,Plan Check Burger Spot Cafe 50s all American- great place for cheap breakfast and kids.,Plan Check Burger Spot Cafe 50s all American- great place for inexpensive breakfast and kids.,1,"[3, 3, 4, 4, 4, 4, 4, 4, 4, 5]","[3, 3, 4, 4, 4, 4, 5, 5, 5]"
1504311,hot,excellent,"A tree-lined street and quiet neighborhood just a few minutes away from the hustle and bustle of tourist locations, trendy hot spots, cultural institutions, studio lots and beaches.","A tree-lined street and quiet neighborhood just a few minutes away from the hustle and bustle of tourist locations, trendy excellent spots, cultural institutions, studio lots and beaches.",1,"[4, 4, 5, 5, 5, 5, 5, 5, 5]","[4, 5, 5, 5, 5, 5, 5, 5, 5]"
183256,comfortable,cozy,My neighbors are all very friendly and make it a very comfortable and exciting place to live.,My neighbors are all very friendly and make it a very cozy and exciting place to live.,1,"[3, 4, 4, 4, 4, 5, 5, 5, 5]","[2, 4, 4, 5, 5, 5, 5]"
183319,comfortable,cozy,"Enjoy a relaxing stay in my clean and comfortable apartment, for a fraction of the nightly rate of the neighboring hotels in Malibu and Santa Monica!","Enjoy a relaxing stay in my clean and cozy apartment, for a fraction of the nightly rate of the neighboring hotels in Malibu and Santa Monica!",1,"[3, 4, 4, 4, 4, 4, 5, 5, 5]","[3, 4, 4, 4, 4, 5, 5, 5]"
485141,yummy,good,"If he has something in the smoker, and hears us out back, he will usually offer us a couple pieces of whatever he's cooking up...so yummy!","If he has something in the smoker, and hears us out back, he will usually offer us a couple pieces of whatever he's cooking up...so good!",1,"[2, 3, 3, 3, 3, 4, 4, 4, 5, 5]","[3, 3, 4, 4, 4, 4, 5, 5, 5]"
1435014,trips,tours,"The location is perfect for day trips to Hollywood, Santa Monica, Disneyland, Beverly Hills, and Downtown LA.","The location is perfect for day tours to Hollywood, Santa Monica, Disneyland, Beverly Hills, and Downtown LA.",1,"[4, 4, 4, 4, 4, 4, 5, 5, 5]","[4, 4, 5, 5, 5, 5, 5, 5, 5]"
1435028,trips,tours,"You can enjoy Boat trips from Marina, bike rides, hanging out at the beach or make use of the many amenities on site.","You can enjoy Boat tours from Marina, bike rides, hanging out at the beach or make use of the many amenities on site.",1,"[3, 4, 4, 4, 4, 4, 4, 5, 5, 5, 5]","[4, 4, 4, 4, 4, 4, 5, 5, 5]"
115280,various,several,"-JUST OPENED: at the end of our block is the awesome new Broadmoor Arts and Wellness Center offering various classes, workshops and wellness services to the public!","-JUST OPENED: at the end of our block is the awesome new Broadmoor Arts and Wellness Center offering several classes, workshops and wellness services to the public!",1,"[3, 3, 4, 4, 4, 4, 4, 4, 5, 5]","[3, 3, 3, 4, 4, 4, 4, 5, 5]"
115221,various,several,I'm surrounded by various food selections!,I'm surrounded by several food selections!,1,"[3, 4, 4, 4, 4, 4, 4, 4, 4]","[3, 4, 4, 4, 4, 4, 4, 5]"
152171,predominantly,mostly,"The area, while diverse (and getting more diverse by the day), has for some time been part of the largest contiguous predominantly black, middle class area in the country.","The area, while diverse (and getting more diverse by the day), has for some time been part of the largest contiguous mostly black, middle class area in the country.",1,"[2, 3, 3, 3, 3, 3, 4, 4, 4]","[1, 1, 2, 3, 3, 4, 4, 4, 4]"
152163,predominantly,mostly,"As a predominantly Catholic port city, New Orleans provided community and job security for Irish immigrants fleeing famine in the early to mid 1800s.","As a mostly Catholic port city, New Orleans provided community and job security for Irish immigrants fleeing famine in the early to mid 1800s.",1,"[1, 3, 3, 3, 3, 3, 3, 4, 4]","[3, 3, 3, 3, 3, 3, 3, 4, 4, 4]"
537482,predominantly,especially,"Characteristics:  In its earlier days, the Excelsior District was predominantly Italian, Irish, and Swiss.","Characteristics:  In its earlier days, the Excelsior District was especially Italian, Irish, and Swiss.",1,"[3, 3, 3, 3, 3, 3, 3, 3, 5]","[3, 3, 3, 3, 3, 4, 4, 5]"
537507,predominantly,especially,"It's predominantly hipsterville, making it very affordable and good for people watching.","It's especially hipsterville, making it very affordable and good for people watching.",1,"[2, 2, 3, 3, 3, 4, 4, 4, 4, 5]","[1, 3, 3, 4, 4, 4, 4, 5, 5, 5]"
272068,yummy,delicious,"Your ""home away from home"" is conveniently located walking distance from Main Street in Santa Monica which is lined with boutiques, coffee shops, yummy restaurants with beautiful outdoor eating options offering daily happy hours.","Your ""home away from home"" is conveniently located walking distance from Main Street in Santa Monica which is lined with boutiques, coffee shops, delicious restaurants with beautiful outdoor eating options offering daily happy hours.",1,"[3, 4, 4, 4, 5, 5, 5, 5, 5, 5]","[4, 4, 5, 5, 5, 5, 5, 5, 5]"
272002,yummy,delicious,PCC natural/organic grocery is a great place to pick up yummy food.,PCC natural/organic grocery is a great place to pick up delicious food.,1,"[3, 3, 3, 3, 4, 4, 4, 4, 5]","[2, 4, 4, 4, 4, 4, 4, 4]"
426807,apartments,homes,"we are in the middle of the city/ The lower Haight is  a hip neighborhood that epitomizes city living - million dollar mansions and almost affordable  apartments stand side by side, with their occupants, proving SF to be a welcoming city for all.","we are in the middle of the city/ The lower Haight is  a hip neighborhood that epitomizes city living - million dollar mansions and almost affordable  homes stand side by side, with their occupants, proving SF to be a welcoming city for all.",1,"[3, 4, 4, 4, 4, 4, 5, 5, 5]","[4, 4, 4, 4, 5, 5, 5, 5]"
426906,apartments,homes,Mostly single family homes in the neighborhood with a few apartments.,Mostly single family homes in the neighborhood with a few homes.,1,"[2, 3, 3, 3, 3, 3, 3, 3, 4, 4]","[3, 3, 3, 3, 4, 4, 4, 5, 5, 5]"
392682,dynamic,vibrant,"Between its specialty bakeries, dynamic bar scene and incredible array of stylish boutiques, Andersonville is a thriving example of colorful, family-friendly city living.","Between its specialty bakeries, vibrant bar scene and incredible array of stylish boutiques, Andersonville is a thriving example of colorful, family-friendly city living.",1,"[4, 4, 4, 4, 5, 5, 5, 5, 5, 5]","[3, 4, 5, 5, 5, 5, 5, 5]"
392625,dynamic,vibrant,"NorthPoint Common is the centerpiece of an interlocking park system which artfully weaves hills, paths and trees in a dynamic pattern around Miller‚Äôs Pond.","NorthPoint Common is the centerpiece of an interlocking park system which artfully weaves hills, paths and trees in a vibrant pattern around Miller‚Äôs Pond.",1,"[3, 4, 4, 4, 4, 4, 4, 4, 5, 5]","[4, 4, 4, 5, 5, 5, 5, 5, 5]"
180403,cheap,inexpensive,"The up-and-coming historic neighborhood is host to everything from wine bars to dive bars, fine dining to cheap eats, and of course near scenic views of the Mighty Mississippi.","The up-and-coming historic neighborhood is host to everything from wine bars to dive bars, fine dining to inexpensive eats, and of course near scenic views of the Mighty Mississippi.",1,"[4, 4, 4, 4, 4, 4, 5, 5, 5, 5, 5]","[4, 4, 4, 5, 5, 5, 5, 5, 5]"
180460,cheap,inexpensive,"Bridgeport is most likely one of the last havens of Chicago where food is cheap, locations are artsy, and the neighborhood is extremely safe.","Bridgeport is most likely one of the last havens of Chicago where food is inexpensive, locations are artsy, and the neighborhood is extremely safe.",1,"[4, 4, 5, 5, 5, 5, 5, 5, 5]","[4, 4, 4, 4, 5, 5, 5, 5, 5]"
1177559,notable,unique,"Pacific Heights is a neighborhood of San Francisco, which is known for the notable people who reside in the area.","Pacific Heights is a neighborhood of San Francisco, which is known for the unique people who reside in the area.",1,"[3, 3, 3, 3, 3, 3, 4, 4, 4, 4, 5]","[2, 3, 3, 4, 4, 4, 4, 5, 5]"
