id,source,target,src_sentence,tar_sentence,true_y,AMT_src_ratings,AMT_tar_ratings
1130677,yummy,good,"Creative , inspired , yummy cocktails .","Creative , inspired , good cocktails .",0,"[1, 1, 2, 2, 2, 2, 2, 2, 3, 5]","[2, 2, 2, 3, 3, 3, 3, 3, 3, 5]"
1130509,yummy,good,"Super yummy pizza , friendly staff and management !","Super good pizza , friendly staff and management !",0,"[1, 1, 1, 1, 2, 2, 2, 2, 3, 3]","[2, 3, 3, 3, 3, 3, 4, 4, 4, 5]"
486526,yummy,tasty,Fresh meat/seafood with yummy sauce .,Fresh meat/seafood with tasty sauce .,0,"[1, 1, 2, 2, 2, 2, 2, 2, 3, 4]","[3, 3, 3, 3, 3, 3, 4, 4, 5, 5]"
486093,yummy,tasty,Some small complaints but I would certainly return for a yummy low key breakfast .,Some small complaints but I would certainly return for a tasty low key breakfast .,0,"[2, 2, 2, 2, 2, 2, 2, 3, 4]","[2, 2, 2, 3, 3, 3, 4, 4, 4, 5]"
655436,fabulous,amazing,Fabulous fabulous fabulous !,Fabulous amazing amazing !,0,"[1, 1, 1, 2, 2, 2, 2, 2, 2, 3]","[1, 1, 2, 2, 2, 2, 2, 2, 3, 3]"
655462,fabulous,amazing,I ordered the vegetarian breakfast and was not disappointed -- great portion and fabulous taste .,I ordered the vegetarian breakfast and was not disappointed -- great portion and amazing taste .,0,"[1, 2, 2, 2, 3, 3, 3, 3, 4, 4]","[1, 1, 2, 2, 2, 2, 3, 3, 3, 3]"
1502554,gorgeous,great,"Gorgeous , gorgeous , gorgeous !","Gorgeous , great , great !",0,"[1, 1, 1, 1, 2, 2, 2, 2, 2, 3]","[1, 1, 2, 2, 2, 2, 2, 3, 4, 4]"
1502505,gorgeous,great,A very gorgeous hostess greeted us & told us to seat ourselves .,A very great hostess greeted us & told us to seat ourselves .,0,"[4, 4, 4, 5, 5, 5, 5, 5, 5]","[2, 2, 3, 3, 3, 4, 4, 4, 4, 5]"
1502583,gorgeous,great,We had lunch on the patio overlooking the gorgeous golf course on a perfect late winter Vegas day .,We had lunch on the patio overlooking the great golf course on a perfect late winter Vegas day .,0,"[1, 1, 2, 2, 2, 2, 2, 2, 3, 3]","[2, 2, 2, 2, 3, 3, 4, 4, 4, 5]"
1650542,boyfriend,buddy,My boyfriend loved the chicken teriyaki roll and thought the soft shell crab roll was okay .,My buddy loved the chicken teriyaki roll and thought the soft shell crab roll was okay .,0,"[1, 1, 1, 1, 1, 1, 1, 2, 2]","[4, 4, 4, 4, 5, 5, 5, 5, 5]"
1002932,lovely,delightful,A lovely neighborhood vibe .,A delightful neighborhood vibe .,0,"[1, 1, 1, 2, 2, 2, 3, 3, 4, 4]","[2, 2, 2, 2, 3, 3, 3, 3, 4, 4]"
1002972,lovely,delightful,"The breakfast brunch daily was lovely with beautiful fresh fruits and breads , to order eggs , omelettes , pancakes and waffles and the best service ever from Rhonda !","The breakfast brunch daily was delightful with beautiful fresh fruits and breads , to order eggs , omelettes , pancakes and waffles and the best service ever from Rhonda !",0,"[2, 2, 2, 2, 3, 3, 3, 4, 5]","[1, 1, 1, 2, 2, 2, 2, 2, 3, 3]"
1002867,lovely,delightful,"Firey pillars mingled with a waterfall surrounding the wall of the patio , and the lovely AZ weather provided a perfect evening happy hour atmosphere !","Firey pillars mingled with a waterfall surrounding the wall of the patio , and the delightful AZ weather provided a perfect evening happy hour atmosphere !",0,"[1, 2, 2, 2, 2, 3, 3, 3, 4, 5]","[1, 2, 2, 2, 2, 2, 2, 2, 3, 3]"
2715047,yummy,delightful,Seriously yummy PhÃ² !,Seriously delightful PhÃ² !,0,"[1, 1, 1, 2, 2, 2, 2, 2, 2, 5]","[1, 1, 2, 2, 2, 3, 3, 3, 4, 4]"
2714703,yummy,delightful,A nice Hawaiian spin on Chipotle/Qdoba-type burrito places ... very yummy !,A nice Hawaiian spin on Chipotle/Qdoba-type burrito places ... very delightful !,0,"[1, 2, 2, 2, 2, 2, 2, 3, 4, 5]","[2, 2, 2, 2, 2, 2, 2, 2, 3, 5]"
1268340,fabulous,unbelievable,I felt fabulous .,I felt unbelievable .,0,"[1, 2, 2, 2, 2, 2, 2, 2, 3, 3]","[2, 2, 2, 2, 3, 3, 3, 3, 3, 5]"
1268743,fabulous,unbelievable,Thank you so much for your great dogs and fabulous service !,Thank you so much for your great dogs and unbelievable service !,0,"[2, 2, 2, 3, 3, 3, 3, 3, 4, 4]","[2, 2, 3, 3, 3, 3, 4, 4, 4, 5]"
583389,yummy,delicious,Yummy yummy yummy !!,Yummy delicious delicious !!,0,"[1, 1, 1, 1, 2, 2, 2, 2, 2, 3]","[1, 1, 2, 2, 2, 2, 2, 2, 2, 2]"
583905,yummy,delicious,Our waitress was very nice and I loved that the owner came to our table after the meal with a complimentary fried dough dessert and shots of a yummy cinnamon drink that he made .,Our waitress was very nice and I loved that the owner came to our table after the meal with a complimentary fried dough dessert and shots of a delicious cinnamon drink that he made .,0,"[1, 1, 1, 2, 2, 2, 2, 2, 4, 4]","[1, 1, 1, 2, 2, 2, 3, 4, 4, 5]"
584824,yummy,delicious,"The bread was thin and toasty/crunchy and absorbed the yummy tomato topping , it was very light .","The bread was thin and toasty/crunchy and absorbed the delicious tomato topping , it was very light .",0,"[1, 1, 2, 2, 2, 3, 3, 4, 4]","[1, 2, 2, 2, 2, 2, 3, 3, 4]"
1544164,cute,attractive,Sup @user cute design !,Sup @user attractive design !,0,"[1, 1, 1, 1, 2, 2, 2, 3, 4]","[2, 2, 2, 2, 3, 3, 4, 5, 5]"
1544286,cute,attractive,Our server was cute and very friendly .,Our server was attractive and very friendly .,0,"[1, 1, 2, 3, 4, 4, 4, 4, 4, 5]","[3, 4, 4, 4, 5, 5, 5, 5, 5, 5]"
1544013,cute,attractive,It is a cute little place off of 7th street & Osborn .,It is a attractive little place off of 7th street & Osborn .,0,"[1, 1, 1, 2, 2, 2, 2, 2, 3, 5]","[2, 2, 2, 2, 3, 3, 3, 3, 4, 5]"
1650122,boyfriend,buddy,My boyfriend and I hopped a taxi to PH.,My buddy and I hopped a taxi to PH.,0,"[1, 1, 1, 1, 1, 1, 1, 2, 2, 3]","[4, 4, 4, 5, 5, 5, 5, 5, 5, 5]"
1650512,boyfriend,buddy,"She did n't say it directly to me , but to point to your much older boyfriend and say the word `` a lot '' right when you 're sitting next to me -- not cool .","She did n't say it directly to me , but to point to your much older buddy and say the word `` a lot '' right when you 're sitting next to me -- not cool .",0,"[1, 1, 1, 2, 2, 2, 2, 4, 5, 5]","[1, 2, 2, 3, 4, 5, 5, 5, 5, 5]"
1650783,boyfriend,buddy,One time for a dine-in with my boyfriend and second time for a pick-up order .,One time for a dine-in with my buddy and second time for a pick-up order .,0,"[1, 1, 1, 1, 1, 1, 1, 1, 2, 2]","[2, 4, 4, 4, 4, 5, 5, 5, 5, 5]"
2433637,lovely,terrific,The facility is lovely .,The facility is terrific .,0,"[1, 1, 2, 2, 2, 2, 3, 3, 4, 5]","[2, 2, 3, 3, 3, 3, 3, 3, 3, 5]"
2434118,lovely,terrific,30 min after the meal my husband was in the bathroom getting sick from the lovely dried out sliders he ate,30 min after the meal my husband was in the bathroom getting sick from the terrific dried out sliders he ate,0,"[1, 1, 1, 1, 1, 1, 1, 1, 2, 2]","[1, 1, 1, 1, 1, 1, 1, 1, 1, 2]"
441871,fabulous,terrific,NY Steamer and Engineer Subs are fabulous .,NY Steamer and Engineer Subs are terrific .,0,"[2, 2, 2, 3, 3, 3, 3, 3, 4, 5]","[2, 3, 3, 3, 3, 3, 3, 3, 4, 5]"
441725,fabulous,terrific,"Great wine , fabulous food , and terrific live music .","Great wine , terrific food , and terrific live music .",0,"[2, 2, 3, 3, 3, 3, 3, 4, 4]","[1, 2, 2, 3, 3, 3, 3, 4, 4, 4]"
442143,fabulous,terrific,This is the most fabulous place ever !,This is the most terrific place ever !,0,"[1, 1, 2, 2, 2, 2, 2, 3, 3, 3]","[1, 1, 2, 2, 2, 2, 2, 2, 3, 3]"
725407,fabulous,outstanding,The chips are fabulous !!!,The chips are outstanding !!!,0,"[1, 2, 2, 2, 2, 2, 3, 3, 3]","[3, 3, 3, 3, 3, 4, 4, 4, 5]"
725210,fabulous,outstanding,"Queso truck was fabulous , our 2nd time eating there , portions were big , Jose went out of his way to give great service and make sure we were happy w our food","Queso truck was outstanding , our 2nd time eating there , portions were big , Jose went out of his way to give great service and make sure we were happy w our food",0,"[2, 2, 2, 3, 3, 3, 4, 4, 4, 4]","[2, 2, 3, 3, 3, 4, 4, 4, 4, 5]"
725740,fabulous,outstanding,"The other team members helping her out were also amazing , had some great conversations with them and really felt welcome , comfortable and fabulous at the cabana .","The other team members helping her out were also amazing , had some great conversations with them and really felt welcome , comfortable and outstanding at the cabana .",0,"[2, 2, 2, 2, 2, 2, 3, 3, 3, 4]","[1, 2, 2, 2, 3, 3, 3, 3, 4, 5]"
1448859,gorgeous,terrific,"There are different bar areas , the waterfall is gorgeous !","There are different bar areas , the waterfall is terrific !",0,"[1, 1, 2, 2, 2, 2, 2, 2, 2, 3]","[2, 2, 2, 2, 2, 3, 3, 3, 3, 5]"
1448564,gorgeous,terrific,The panoramic suite has large windows that has a gorgeous view of the strip and the guys and girls were able to stay in our separate rooms but also go in and out of each other 's rooms easily through the connecting doors .,The panoramic suite has large windows that has a terrific view of the strip and the guys and girls were able to stay in our separate rooms but also go in and out of each other 's rooms easily through the connecting doors .,0,"[1, 1, 2, 2, 2, 3, 3, 3, 4]","[1, 2, 2, 2, 3, 4, 4, 4, 4]"
1448834,gorgeous,terrific,"Once we faced the red rock canyon , I turned on my amazing ability of tuning out the rest of the world and focused on the gorgeous piece of art work mother nature gave us .","Once we faced the red rock canyon , I turned on my amazing ability of tuning out the rest of the world and focused on the terrific piece of art work mother nature gave us .",0,"[1, 2, 2, 2, 2, 2, 3, 3, 4, 4]","[1, 2, 2, 2, 2, 3, 3, 3, 4, 4]"
1533553,gorgeous,excellent,Really gorgeous restaurant .,Really excellent restaurant .,0,"[1, 1, 1, 2, 2, 2, 2, 3, 3, 3]","[2, 3, 3, 3, 3, 3, 3, 3, 4, 5]"
1533603,gorgeous,excellent,"I came for my birthday on a 3 night comp ... my room was gorgeous , the bathroom was fit for a queen , and the service was excellent .","I came for my birthday on a 3 night comp ... my room was excellent , the bathroom was fit for a queen , and the service was excellent .",0,"[1, 1, 1, 1, 1, 1, 1, 2, 3, 4]","[1, 1, 1, 1, 1, 1, 1, 3, 3, 4]"
1872781,fabulous,excellent,The rolls are fabulous .,The rolls are excellent .,0,"[1, 2, 2, 2, 2, 2, 3, 3, 3]","[3, 3, 3, 3, 3, 3, 4, 4, 5]"
1872972,fabulous,excellent,"All the reviews boasted the hot pots were fabulous , so we were excited to see those on the other tables .","All the reviews boasted the hot pots were excellent , so we were excited to see those on the other tables .",0,"[2, 2, 2, 2, 2, 3, 3, 4, 4, 4]","[1, 2, 3, 3, 3, 3, 3, 3, 3, 3]"
1872652,fabulous,excellent,We had a fabulous time .,We had a excellent time .,0,"[1, 2, 2, 2, 2, 2, 3, 3, 3, 4]","[2, 3, 3, 3, 3, 3, 3, 3, 3, 4]"
2301572,gorgeous,outstanding,"The hotel is gorgeous , its new and clean and beautiful ... the bad-check in took forever , we were there around 8am their time and they asked if we wanted to upgrade which we did but the jacuzzi tub jets didnt work ???","The hotel is outstanding , its new and clean and beautiful ... the bad-check in took forever , we were there around 8am their time and they asked if we wanted to upgrade which we did but the jacuzzi tub jets didnt work ???",0,"[1, 2, 2, 2, 2, 2, 3, 3, 3, 4]","[1, 2, 2, 2, 2, 2, 3, 3, 3, 5]"
2301438,gorgeous,outstanding,"Anywhoo , hotel is gorgeous and clean .","Anywhoo , hotel is outstanding and clean .",0,"[1, 1, 1, 1, 2, 2, 2, 2, 3, 4]","[2, 2, 2, 3, 3, 3, 3, 4, 4, 5]"
2465123,cute,excellent,The restaurant is cute with the Southern Bluesy feel .,The restaurant is excellent with the Southern Bluesy feel .,0,"[1, 1, 1, 1, 2, 2, 2, 2, 3]","[1, 2, 2, 3, 3, 3, 3, 4, 4, 5]"
2465665,cute,excellent,"I always love going to H&M because their clothes are super cute and have great prices but the lack of customer service makes it a downer because I really like this place in town square , it 's all set up great .","I always love going to H&M because their clothes are super excellent and have great prices but the lack of customer service makes it a downer because I really like this place in town square , it 's all set up great .",0,"[1, 1, 1, 1, 1, 1, 1, 2, 2, 4]","[1, 1, 2, 2, 2, 2, 2, 2, 3, 5]"
2465578,cute,excellent,Matt 's is a cute little breakfast place in downtown phoenix .,Matt 's is a excellent little breakfast place in downtown phoenix .,0,"[1, 1, 1, 2, 2, 2, 2, 3, 4, 4]","[3, 3, 3, 3, 3, 3, 4, 4, 4, 5]"
1650168,boyfriend,buddy,My boyfriend went crazy on restaurant.com and ordered gift certificates so we decided to give it a try .,My buddy went crazy on restaurant.com and ordered gift certificates so we decided to give it a try .,0,"[1, 1, 1, 1, 1, 1, 1, 2, 2, 4]","[4, 4, 4, 4, 4, 4, 4, 5, 5, 5]"
1650786,boyfriend,buddy,"My boyfriend and I shared the pork belly poutine and the summer dinner : a tomato bisque , shrimp penne , and strawberry crisp dessert .","My buddy and I shared the pork belly poutine and the summer dinner : a tomato bisque , shrimp penne , and strawberry crisp dessert .",0,"[1, 1, 1, 1, 1, 1, 1, 2, 2]","[4, 4, 4, 5, 5, 5, 5, 5, 5, 5]"
1650686,boyfriend,buddy,Then my boyfriend was referred by insurance to other place that he could hardly find .,Then my buddy was referred by insurance to other place that he could hardly find .,0,"[1, 1, 1, 1, 1, 1, 1, 2, 2, 4]","[4, 4, 4, 4, 4, 4, 4, 5, 5, 5]"
1448841,gorgeous,terrific,It 's gorgeous inside so I usually end up taking a bunch of pictures .,It 's terrific inside so I usually end up taking a bunch of pictures .,0,"[1, 1, 1, 1, 2, 2, 2, 2, 4, 4]","[1, 1, 2, 2, 2, 3, 3, 3, 3, 4]"
1448874,gorgeous,terrific,"She really goes above and beyond to make sure we 're happy with our purchase and find something I really love , and the jewelry itself is gorgeous .","She really goes above and beyond to make sure we 're happy with our purchase and find something I really love , and the jewelry itself is terrific .",0,"[1, 1, 2, 2, 2, 2, 2, 2, 2, 3]","[1, 1, 1, 1, 1, 2, 2, 2, 2, 3]"
1448702,gorgeous,terrific,The pool/lounge area is gorgeous !,The pool/lounge area is terrific !,0,"[1, 1, 2, 2, 2, 2, 2, 2, 3, 4]","[2, 2, 3, 3, 3, 3, 3, 4, 4, 5]"
442062,fabulous,terrific,Beer prices are very good for going out and the fish and chips is fabulous !,Beer prices are very good for going out and the fish and chips is terrific !,0,"[1, 2, 2, 2, 2, 3, 4, 4, 4, 5]","[3, 3, 4, 4, 4, 4, 4, 4, 4, 5]"
442041,fabulous,terrific,"Our waiter was fabulous , explaining everything on the menu , going over all of the specials in cocktails explaining everything in detail .","Our waiter was terrific , explaining everything on the menu , going over all of the specials in cocktails explaining everything in detail .",0,"[1, 2, 2, 2, 2, 2, 3, 3, 3, 3]","[1, 1, 1, 2, 2, 3, 3, 3, 4, 4]"
725315,fabulous,outstanding,"The upgrades are fabulous , especially the splash pad and children 's playground area on the NE side of the park .","The upgrades are outstanding , especially the splash pad and children 's playground area on the NE side of the park .",0,"[1, 2, 2, 2, 2, 2, 2, 2, 2, 4]","[1, 1, 1, 2, 2, 2, 2, 2, 2, 3]"
725533,fabulous,outstanding,"soup or salad came before your meal ( check out the mushroom soup the best I 've ever had ) my husband had the nites special veal raviola & short rib cannelloni & I had the seafood fradiavolo , both were fabulous .","soup or salad came before your meal ( check out the mushroom soup the best I 've ever had ) my husband had the nites special veal raviola & short rib cannelloni & I had the seafood fradiavolo , both were outstanding .",0,"[1, 1, 1, 1, 1, 1, 1, 1, 2, 3]","[1, 1, 1, 1, 1, 1, 1, 1, 1, 3]"
725298,fabulous,outstanding,I met my friends last night for a dinner party ... company was fabulous :) I was the 4th person to show up and noticed that my other 3 friends got a table for 4 .,I met my friends last night for a dinner party ... company was outstanding :) I was the 4th person to show up and noticed that my other 3 friends got a table for 4 .,0,"[1, 2, 2, 2, 2, 3, 3, 3, 3, 3]","[1, 2, 2, 2, 2, 2, 3, 3, 4, 5]"
1872818,fabulous,excellent,"By the way , the crab rangoun appetizers - fabulous .","By the way , the crab rangoun appetizers - excellent .",0,"[1, 2, 2, 2, 2, 2, 3, 3, 4]","[1, 2, 3, 3, 3, 3, 3, 3, 4, 4]"
1872682,fabulous,excellent,I left looking and feeling fabulous they took all the struggle out of taking care of my hair even scheduled my next appointment for me and kept records on my hair color / highlights for next time !,I left looking and feeling excellent they took all the struggle out of taking care of my hair even scheduled my next appointment for me and kept records on my hair color / highlights for next time !,0,"[1, 1, 1, 1, 1, 1, 2, 2, 2, 3]","[1, 1, 1, 1, 1, 1, 1, 1, 1, 4]"
1872770,fabulous,excellent,Everywhere we went was not only fabulous but inexpensive !,Everywhere we went was not only excellent but inexpensive !,0,"[1, 1, 2, 2, 2, 2, 3, 3, 3, 3]","[2, 3, 3, 3, 3, 3, 3, 4, 4, 5]"
2433900,lovely,terrific,"Decor was lovely , ambiance superb , service excellent , music tasteful .","Decor was terrific , ambiance superb , service excellent , music tasteful .",0,"[1, 1, 2, 2, 2, 2, 3, 3, 4]","[1, 1, 1, 2, 2, 3, 4, 4, 4, 4]"
2433772,lovely,terrific,") , but lovely ambience and awesome food !",") , but terrific ambience and awesome food !",0,"[1, 2, 2, 2, 2, 2, 2, 2, 3, 4]","[2, 2, 2, 2, 3, 3, 4, 4, 4, 5]"
2465942,cute,excellent,The interior looked like a cute old candy shop .,The interior looked like a excellent old candy shop .,0,"[1, 1, 1, 2, 2, 2, 2, 2, 3, 4]","[2, 2, 2, 2, 2, 2, 3, 3, 4, 5]"
2465950,cute,excellent,The valet was cute when upon entry he told us what a wonderful night we were in store for and afterwards when discovered we were going back to watch the end of the NFL playoff game he rushed to get our car .,The valet was excellent when upon entry he told us what a wonderful night we were in store for and afterwards when discovered we were going back to watch the end of the NFL playoff game he rushed to get our car .,0,"[1, 1, 1, 1, 1, 1, 2, 2, 2, 2]","[3, 4, 4, 4, 4, 4, 4, 5, 5, 5]"
2466000,cute,excellent,Bite is cute .,Bite is excellent .,0,"[1, 1, 1, 2, 2, 3, 3, 4, 4, 4]","[1, 3, 3, 3, 3, 3, 3, 3, 3, 4]"
2301353,gorgeous,outstanding,"The bright spot was the incredibly gorgeous guy that was at the table next to ours with his , uh , wife ... who knows what she was because he kept taking his wedding ring on and off .","The bright spot was the incredibly outstanding guy that was at the table next to ours with his , uh , wife ... who knows what she was because he kept taking his wedding ring on and off .",0,"[1, 1, 1, 1, 1, 2, 2, 2, 3, 5]","[1, 1, 1, 1, 2, 2, 2, 2, 3, 4]"
2301549,gorgeous,outstanding,"We sat in their atrium which had a wall covered in beautiful green flowers and were nice and secluded ; we felt like we could be a little louder here than in the somber , yet gorgeous dining room .","We sat in their atrium which had a wall covered in beautiful green flowers and were nice and secluded ; we felt like we could be a little louder here than in the somber , yet outstanding dining room .",0,"[1, 1, 2, 2, 2, 2, 2, 2, 3]","[1, 1, 1, 2, 2, 2, 2, 2, 3]"
2301357,gorgeous,outstanding,And the show is gorgeous .,And the show is outstanding .,0,"[1, 1, 2, 2, 2, 2, 2, 2, 2, 3]","[2, 3, 3, 3, 3, 3, 3, 3, 4, 5]"
2049266,salesperson,dealer,I started with one salesperson but due to family circumstances had to leave the dealership .,I started with one dealer but due to family circumstances had to leave the dealership .,0,"[2, 3, 3, 3, 3, 4, 4, 4, 4, 5]","[2, 2, 3, 3, 3, 3, 3, 4, 4, 5]"
1544052,cute,attractive,And they tie it all up in cute pink and orange curly ribbon .,And they tie it all up in attractive pink and orange curly ribbon .,0,"[1, 1, 1, 1, 2, 2, 2, 2, 3, 3]","[1, 1, 1, 1, 2, 2, 2, 2, 2, 2]"
1544389,cute,attractive,"I kind of felt badly for Claire because she 's young and cute and probably has some idiot directing her , but come on people !","I kind of felt badly for Claire because she 's young and attractive and probably has some idiot directing her , but come on people !",0,"[2, 3, 3, 4, 4, 4, 4, 4, 5, 5]","[1, 1, 2, 2, 2, 3, 3, 4, 4, 4]"
1544575,cute,attractive,Love all the cute accessories .,Love all the attractive accessories .,0,"[1, 1, 1, 1, 1, 1, 2, 2, 2, 2]","[1, 1, 1, 2, 2, 2, 2, 2, 3, 3]"
1651229,boyfriend,buddy,"The waitress was very nice and polite , we ordered our food and someone else brought it out to us ... Not to sound picky but I hate brown rice and so did my boyfriend .","The waitress was very nice and polite , we ordered our food and someone else brought it out to us ... Not to sound picky but I hate brown rice and so did my buddy .",0,"[1, 1, 1, 1, 1, 1, 1, 1, 2, 3]","[1, 3, 4, 4, 4, 4, 4, 4, 5, 5]"
1650506,boyfriend,buddy,We had the table side Caesar Salad which was delicious of course and I had the filet mignon and boyfriend had a big bone in rib eye .,We had the table side Caesar Salad which was delicious of course and I had the filet mignon and buddy had a big bone in rib eye .,0,"[1, 1, 1, 1, 1, 1, 1, 1, 2, 4]","[1, 3, 3, 3, 4, 4, 4, 5, 5, 5]"
1650363,boyfriend,buddy,"My boyfriend brought me here for Thanksgiving dinner , to lift my spirits after being turned away from 2 buffets on the day we got to Vegas .","My buddy brought me here for Thanksgiving dinner , to lift my spirits after being turned away from 2 buffets on the day we got to Vegas .",0,"[1, 1, 1, 1, 1, 1, 1, 2, 2]","[4, 4, 4, 5, 5, 5, 5, 5, 5]"
648368,thorough,meticulous,Dr. Newland was so thorough in his workup and care .,Dr. Newland was so meticulous in his workup and care .,0,"[1, 2, 3, 3, 3, 3, 3, 3, 3, 4]","[1, 2, 2, 2, 2, 2, 3, 3, 3, 3]"
2049254,salesperson,dealer,The salesperson shows me the item but walks away and answers me while he is still walking away .,The dealer shows me the item but walks away and answers me while he is still walking away .,0,"[2, 2, 3, 3, 3, 4, 4, 4, 4, 5]","[1, 1, 1, 2, 2, 2, 3, 3, 3, 3]"
1448622,gorgeous,terrific,"When I walked in I was so pleased at what I found , racks of gorgeous true ( 40s , 50s , and a little bit of 60s ) vintage pieces !","When I walked in I was so pleased at what I found , racks of terrific true ( 40s , 50s , and a little bit of 60s ) vintage pieces !",0,"[1, 2, 2, 2, 2, 3, 3, 4, 4, 5]","[1, 2, 2, 2, 2, 2, 3, 3, 4, 4]"
1448857,gorgeous,terrific,"The sunflower petals were a gorgeous touch , though .","The sunflower petals were a terrific touch , though .",0,"[1, 1, 1, 1, 2, 2, 2, 2, 2, 3]","[1, 1, 1, 2, 2, 2, 2, 2, 2, 3]"
1448852,gorgeous,terrific,"Once you 're inside , the ambiance is nice , the view up near the pool is gorgeous , and it is fairly spacious due to the multiple floors .","Once you 're inside , the ambiance is nice , the view up near the pool is terrific , and it is fairly spacious due to the multiple floors .",0,"[2, 2, 2, 2, 2, 2, 3, 4, 4, 5]","[1, 2, 2, 2, 2, 2, 3, 3, 3, 4]"
1544299,cute,attractive,"Ever since then , when my hubby and I make our trip to LV it is a MUST for us to go to this cute lil restaurant in PH !","Ever since then , when my hubby and I make our trip to LV it is a MUST for us to go to this attractive lil restaurant in PH !",0,"[1, 1, 1, 1, 1, 1, 1, 1, 1]","[1, 1, 1, 1, 1, 1, 1, 1, 2, 4]"
1543848,cute,attractive,This cute girl in a pink shirt ( I 'm not sure if this was intentional but she matched some of the macaroons and gelato ) waited on me .,This attractive girl in a pink shirt ( I 'm not sure if this was intentional but she matched some of the macaroons and gelato ) waited on me .,0,"[3, 4, 4, 4, 5, 5, 5, 5, 5, 5]","[1, 2, 4, 4, 4, 5, 5, 5, 5, 5]"
1544396,cute,attractive,Fresh & Easy is a cute little grocery store .,Fresh & Easy is a attractive little grocery store .,0,"[1, 1, 1, 2, 2, 2, 2, 2, 2, 3]","[2, 2, 2, 2, 2, 3, 3, 3, 3, 5]"
441679,fabulous,terrific,But I felt inclined to comment as they have a fabulous Tuesday deal and I had to get the word out ( and no they are not paying me to advertise ) .,But I felt inclined to comment as they have a terrific Tuesday deal and I had to get the word out ( and no they are not paying me to advertise ) .,0,"[1, 2, 2, 2, 3, 3, 3, 3, 3]","[1, 2, 2, 2, 2, 3, 3, 3, 4, 4]"
441998,fabulous,terrific,With superb food and fabulous service this place certainly has a great atmosphere .,With superb food and terrific service this place certainly has a great atmosphere .,0,"[2, 2, 2, 3, 3, 3, 3, 3, 4, 4]","[1, 2, 2, 2, 3, 3, 3, 3, 4, 4]"
441721,fabulous,terrific,"However , for the money spent , there are better choices for a fabulous steak dinner , we recommend Charlie Palmer and the Steak House at Circus Circus .","However , for the money spent , there are better choices for a terrific steak dinner , we recommend Charlie Palmer and the Steak House at Circus Circus .",0,"[2, 2, 2, 3, 3, 3, 4, 4, 4, 4]","[2, 2, 3, 3, 3, 3, 4, 4, 4, 5]"
1867234,belongings,properties,"This company should change their name to ` No Longer Starving ' , because the customers will pay ANY amount just to get their belongings back .","This company should change their name to ` No Longer Starving ' , because the customers will pay ANY amount just to get their properties back .",0,"[2, 3, 3, 3, 4, 4, 4, 4, 4, 5]","[3, 3, 3, 3, 4, 4, 4, 4, 5, 5]"
1867247,belongings,properties,You can store your belongings in a locker .,You can store your properties in a locker .,0,"[2, 3, 3, 3, 3, 4, 4, 4, 5, 5]","[3, 3, 3, 3, 3, 3, 4, 4, 4, 5]"
1867252,belongings,properties,"After two hours of putting up a fuss about my belongings being taken because I could n't get home due to the fact that my money and ID were in my wallet , the bell hop finally gave it back .","After two hours of putting up a fuss about my properties being taken because I could n't get home due to the fact that my money and ID were in my wallet , the bell hop finally gave it back .",0,"[1, 1, 2, 3, 3, 3, 3, 4, 4, 4]","[1, 1, 2, 2, 3, 3, 3, 4, 4, 5]"
2433892,lovely,terrific,Went in last night and asked the lovely young helper if I could have made 9 dozen jelly filled munchkin donuts for Hanukkah since it 's a staple treat .,Went in last night and asked the terrific young helper if I could have made 9 dozen jelly filled munchkin donuts for Hanukkah since it 's a staple treat .,0,"[2, 2, 3, 4, 4, 4, 4, 5, 5, 5]","[1, 2, 2, 2, 2, 3, 3, 3, 3, 4]"
2434073,lovely,terrific,"I tried them both ways : Connecticut style , warm with butter and Maine style , cold w a light sauce that was lovely .","I tried them both ways : Connecticut style , warm with butter and Maine style , cold w a light sauce that was terrific .",0,"[1, 1, 2, 2, 2, 3, 3, 4, 4]","[2, 3, 3, 3, 3, 3, 4, 4, 5]"
277520,thorough,careful,Everyone knows that the most important component for these functions is the booze and food so I had to find a catering company that would meet my foodie expectations while delivering a professional and thorough outcome .,Everyone knows that the most important component for these functions is the booze and food so I had to find a catering company that would meet my foodie expectations while delivering a professional and careful outcome .,0,"[2, 3, 3, 3, 4, 4, 4, 5, 5, 5]","[1, 2, 2, 2, 3, 4, 4, 4, 4, 5]"
1268775,fabulous,unbelievable,It 's fabulous that I can pick up some great bagels right in my neighborhood .,It 's unbelievable that I can pick up some great bagels right in my neighborhood .,0,"[1, 2, 2, 2, 2, 2, 2, 3, 3, 3]","[2, 3, 3, 3, 3, 3, 4, 4, 5, 5]"
1268424,fabulous,unbelievable,You can eat here for weeks and have something different and fabulous !,You can eat here for weeks and have something different and unbelievable !,0,"[1, 2, 2, 2, 2, 3, 3, 3, 3, 4]","[1, 2, 2, 2, 2, 2, 3, 3, 3, 4]"
1129756,yummy,good,I was informed that the skirt steak was mixed sort of like carne asada fries and so I would thought I would give it a try They are really yummy Such a great flavor and the steak is cooked perfectly ...,I was informed that the skirt steak was mixed sort of like carne asada fries and so I would thought I would give it a try They are really good Such a great flavor and the steak is cooked perfectly ...,1,"[1, 2, 2, 2, 2, 2, 3, 3, 3, 4]","[2, 3, 3, 3, 3, 3, 4, 4, 4, 5]"
485552,yummy,tasty,I got the combo so it came with rice and beans which were yummy as well .,I got the combo so it came with rice and beans which were tasty as well .,1,"[1, 2, 2, 2, 2, 2, 2, 3, 4, 4]","[1, 3, 3, 3, 3, 3, 3, 4, 4, 5]"
654892,fabulous,amazing,attention to detail is fabulous .,attention to detail is amazing .,1,"[1, 2, 2, 2, 2, 2, 2, 2, 2, 5]","[2, 2, 2, 3, 3, 3, 4, 4, 4, 5]"
1650086,boyfriend,buddy,"Long story short , my boyfriend loved and was impressed with the chocolate .","Long story short , my buddy loved and was impressed with the chocolate .",1,"[1, 1, 1, 1, 1, 1, 1, 2, 2, 3]","[1, 2, 4, 4, 4, 4, 5, 5, 5, 5]"
1650030,boyfriend,buddy,"I 've taken my sister and her boyfriend , my cousin and her boyfriend , several other couples , and they 've always LOVED this restaurant .","I 've taken my sister and her buddy , my cousin and her buddy , several other couples , and they 've always LOVED this restaurant .",1,"[1, 2, 2, 2, 2, 3, 3, 3, 3, 4]","[1, 2, 3, 4, 4, 4, 4, 4, 4, 5]"
2713776,yummy,delightful,Both yummy but i especially liked the fried cabbage as I 've never had it before .,Both delightful but i especially liked the fried cabbage as I 've never had it before .,1,"[1, 1, 1, 2, 2, 2, 2, 2, 3, 3]","[2, 2, 2, 3, 3, 3, 3, 3, 3, 4]"
1268098,fabulous,unbelievable,"It was my first introduction to Greek food , and it has been a fabulous adventure ever since .","It was my first introduction to Greek food , and it has been a unbelievable adventure ever since .",1,"[2, 2, 2, 2, 2, 3, 3, 3, 3, 4]","[3, 3, 3, 3, 3, 3, 4, 4, 4, 5]"
2433109,lovely,terrific,The Beautiful Carin and I have had a few things to celebrate lately and another terrific dinner at FnB seemed like a fitting way for us to enjoy a lovely Saturday evening together .,The Beautiful Carin and I have had a few things to celebrate lately and another terrific dinner at FnB seemed like a fitting way for us to enjoy a terrific Saturday evening together .,1,"[1, 2, 2, 3, 3, 3, 4, 4, 5, 5]","[1, 2, 2, 3, 3, 3, 4, 4, 5, 5]"
1533276,gorgeous,excellent,"Raviolo - So simple , so perfectly executed , so warm ... one big perfect pillow of house made pasta filled with ricotta and a gorgeous , unbroken ( bright orange !","Raviolo - So simple , so perfectly executed , so warm ... one big perfect pillow of house made pasta filled with ricotta and a excellent , unbroken ( bright orange !",1,"[1, 2, 2, 2, 2, 3, 3, 3, 3, 4]","[1, 1, 2, 2, 2, 2, 2, 2, 3, 4]"
2301257,gorgeous,outstanding,The gardens are gorgeous !,The gardens are outstanding !,1,"[1, 1, 2, 2, 2, 2, 2, 2, 3, 4]","[1, 1, 1, 2, 2, 3, 3, 3, 3, 4]"
907547,fabulous,great,The mussels are a fabulous appetizer !,The mussels are a great appetizer !,1,"[1, 1, 2, 2, 2, 2, 3, 3, 3, 4]","[1, 2, 3, 3, 3, 3, 3, 3, 4, 4]"
907485,fabulous,great,The food was amazing I got the Belgian waffle it was fabulous and we sat at the booth in the corner.the inside of the restaurant looked great Over all this place is great !,The food was amazing I got the Belgian waffle it was great and we sat at the booth in the corner.the inside of the restaurant looked great Over all this place is great !,1,"[1, 1, 2, 2, 2, 2, 2, 3, 3, 3]","[1, 2, 2, 3, 3, 3, 3, 3, 4, 4]"
907519,fabulous,great,Their steaks are top notch and the wine selection is fabulous .,Their steaks are top notch and the wine selection is great .,1,"[1, 2, 2, 2, 2, 3, 3, 3, 3, 4]","[1, 3, 3, 3, 3, 3, 4, 4, 4, 5]"
441518,fabulous,terrific,I will be sure to continue sending my guests to this fabulous breakfast spot .,I will be sure to continue sending my guests to this terrific breakfast spot .,1,"[1, 2, 2, 2, 2, 2, 3, 3, 4, 4]","[1, 2, 2, 3, 3, 3, 3, 3, 3, 4]"
2433181,lovely,terrific,"The Beautiful Carin and I headed over to the Roaring Fork for Happy Hour a couple of nights ago and spent a lovely evening at the bar with Clark , the bartender/server/happy hour ambassador .","The Beautiful Carin and I headed over to the Roaring Fork for Happy Hour a couple of nights ago and spent a terrific evening at the bar with Clark , the bartender/server/happy hour ambassador .",1,"[1, 2, 3, 3, 3, 4, 5, 5, 5, 5]","[1, 2, 3, 3, 4, 4, 4, 4, 4, 5]"
2049220,salesperson,dealer,I would also like to say that my salesperson has been outstanding.Willing to take my calls even after hours to discuss strategies for training .,I would also like to say that my dealer has been outstanding.Willing to take my calls even after hours to discuss strategies for training .,1,"[1, 3, 3, 3, 4, 4, 4, 5, 5, 5]","[2, 3, 3, 3, 3, 4, 4, 4, 4, 5]"
2049210,salesperson,dealer,"More like the salesperson pulling my chain getting me all excited about the upgrade , yet it was nothing more than a nicer compact car with better gas miles .","More like the dealer pulling my chain getting me all excited about the upgrade , yet it was nothing more than a nicer compact car with better gas miles .",1,"[3, 4, 4, 4, 4, 4, 4, 4, 5, 5]","[2, 2, 2, 2, 3, 4, 4, 4, 4, 5]"
648156,thorough,meticulous,Jason was very responsive and thorough with the process to book our hotel rooms .,Jason was very responsive and meticulous with the process to book our hotel rooms .,1,"[2, 3, 3, 3, 3, 3, 4, 4, 4, 4]","[2, 2, 2, 3, 3, 3, 3, 4, 4, 5]"
648198,thorough,meticulous,"Dr. Jalali showed that he is a knowledgeable dentist who took the time to do a thorough exam , explain his findings , and recommended tips to maintain good oral health .","Dr. Jalali showed that he is a knowledgeable dentist who took the time to do a meticulous exam , explain his findings , and recommended tips to maintain good oral health .",1,"[3, 3, 3, 3, 3, 3, 4, 4, 4, 4]","[1, 1, 3, 3, 3, 3, 3, 3, 4, 5]"
2049214,salesperson,dealer,"The salesperson told her the material was durable when she bought it , only to have it fall apart .","The dealer told her the material was durable when she bought it , only to have it fall apart .",1,"[3, 3, 3, 4, 4, 4, 4, 4, 4, 5]","[1, 1, 2, 2, 3, 3, 3, 4, 4, 5]"
2049219,salesperson,dealer,The manager said `` A salesperson will be with you shortly . '',The manager said `` A dealer will be with you shortly . '',1,"[3, 3, 3, 3, 3, 3, 4, 4, 5, 5]","[3, 3, 3, 3, 3, 3, 3, 3, 4, 5]"
2433191,lovely,terrific,"If I had the scrilla I would book a table every couple of weeks as the restaurant has amazing food , great service and the location is in a lovely part of town .","If I had the scrilla I would book a table every couple of weeks as the restaurant has amazing food , great service and the location is in a terrific part of town .",1,"[2, 2, 2, 3, 3, 3, 4, 4, 5]","[1, 2, 3, 3, 3, 4, 4, 4, 4]"
277499,thorough,careful,"Right on time , set us up and were very thorough on getting us ready for the day .","Right on time , set us up and were very careful on getting us ready for the day .",1,"[2, 2, 3, 3, 3, 3, 4, 4, 4, 5]","[1, 2, 3, 3, 3, 3, 4, 4, 4, 4]"
277465,thorough,careful,Expaditing all of our plates to us after a thorough critique .,Expaditing all of our plates to us after a careful critique .,1,"[3, 3, 3, 3, 3, 3, 4, 4, 4, 4]","[1, 1, 2, 3, 3, 3, 3, 3, 3, 4]"
1268176,fabulous,unbelievable,`` slice of heaven on a roll '' satisfy the most finicky of hamburger aficionados ( like my boyfriend and I ) they also have the most fabulous dinner menu .,`` slice of heaven on a roll '' satisfy the most finicky of hamburger aficionados ( like my boyfriend and I ) they also have the most unbelievable dinner menu .,1,"[1, 1, 1, 1, 1, 1, 1, 2, 2, 3]","[1, 1, 1, 1, 1, 1, 2, 3, 3, 5]"
